{"cameraMode":{"drawMode":0,"name":"Shaded","section":"Shading Mode"},"sceneLighting":false,"audioPlay":false,"sceneViewState":{"m_AlwaysRefresh":false,"showFog":true,"showSkybox":false,"showFlares":true,"showImageEffects":true,"showParticleSystems":true,"showVisualEffectGraphs":true,"m_FxEnabled":true},"in2DMode":false,"pivot":{"x":-2.3697972297668459,"y":1.1076524257659913,"z":19.302169799804689},"rotation":{"x":-0.20398294925689698,"y":0.12036596983671189,"z":-0.025269154459238054,"w":-0.9712599515914917},"size":4.495217323303223,"orthographic":false}