{"cameraMode":{"drawMode":0,"name":"Shaded","section":"Shading Mode"},"sceneLighting":false,"audioPlay":false,"sceneViewState":{"m_AlwaysRefresh":false,"showFog":true,"showSkybox":false,"showFlares":true,"showImageEffects":true,"showParticleSystems":true,"showVisualEffectGraphs":true,"m_FxEnabled":true},"in2DMode":false,"pivot":{"x":20.506261825561525,"y":-3.0850768089294435,"z":-77.59040069580078},"rotation":{"x":0.00160131580196321,"y":0.998267412185669,"z":-0.049764104187488559,"w":0.03205537796020508},"size":46.70322799682617,"orthographic":false}